,Product name,Prices,Description,Reviews
0,"Infinix GT 20 Pro (Mecha Orange, 256 GB)","24,999",8 GB RAM | 256 GB ROM17.22 cm (6.78 inch) Full HD+ Display108MP (OIS) + 2MP + 2MP | 32MP Front Camera5000 mAh BatteryDimensity 8200 Ultimate Processor1 Year Warranty,4.4
1,"OnePlus Nord 3 5G (Misty Green, 128 GB)","21,130",8 GB RAM | 128 GB ROM17.12 cm (6.74 inch) Display50MP Rear Camera5000 mAh BatteryDomestic 1 Year of Device & 6 Months for In-Box Accessories,4.3
2,"realme 12+ 5G (Pioneer Green, 128 GB)","20,999",8 GB RAM | 128 GB ROM | Expandable Upto 2 TB16.94 cm (6.67 inch) Full HD+ Display50MP + 8MP + 2MP | 16MP Front Camera5000 mAh BatteryDimensity 7050 Processor1 Year Manufacturer Warranty for Device and 6 Months Manufacturer Warranty for Inbox Accessories,4.3
3,"realme 12+ 5G (Navigator Beige, 128 GB)","20,999",8 GB RAM | 128 GB ROM | Expandable Upto 2 TB16.94 cm (6.67 inch) Full HD+ Display50MP + 8MP + 2MP | 16MP Front Camera5000 mAh BatteryDimensity 7050 Processor1 Year Manufacturer Warranty for Device and 6 Months Manufacturer Warranty for Inbox Accessories,4.3
4,"REDMI Note 13 5G (Prism Gold, 256 GB)","20,182",12 GB RAM | 256 GB ROM16.94 cm (6.67 inch) Display108MP Rear Camera5000 mAh Battery1 Year Brand Warranty,4.2
5,"Motorola Edge 40 Neo (Soothing Sea, 256 GB)","24,999",12 GB RAM | 256 GB ROM16.64 cm (6.55 inch) Full HD+ Display50MP + 13MP | 32MP Front Camera5000 mAh BatteryDimensity 7030 Processor1 Year on Handset and 6 Months on Accessories,4.3
6,"realme 12+ 5G (Navigator Beige, 256 GB)","21,999",8 GB RAM | 256 GB ROM | Expandable Upto 2 TB16.94 cm (6.67 inch) Full HD+ Display50MP + 8MP + 2MP | 16MP Front Camera5000 mAh BatteryDimensity 7050 Processor1 Year Manufacturer Warranty for Device and 6 Months Manufacturer Warranty for Inbox Accessories,4.3
7,"realme 12+ 5G (Pioneer Green, 256 GB)","21,999",8 GB RAM | 256 GB ROM | Expandable Upto 2 TB16.94 cm (6.67 inch) Full HD+ Display50MP + 8MP + 2MP | 16MP Front Camera5000 mAh BatteryDimensity 7050 Processor1 Year Manufacturer Warranty for Device and 6 Months Manufacturer Warranty for Inbox Accessories,4.3
8,"OnePlus Nord CE4 (Dark Chrome, 128 GB)","24,685",8 GB RAM | 128 GB ROM17.02 cm (6.7 inch) Display50MP Rear Camera5500 mAh BatteryOxygenOS 14.0 ProcessorDomestic Warranty 1 Year For Handset And 6 month For Accessories.,4.4
9,"REDMI Note 13 5G (Stealth Black, 256 GB)","19,499",8 GB RAM | 256 GB ROM16.94 cm (6.67 inch) Display108MP Rear Camera5000 mAh Battery1 Year Brand Warranty,4.1
10,"Nothing Phone (2a) 5G (Black, 128 GB)","23,999",8 GB RAM | 128 GB ROM17.02 cm (6.7 inch) Full HD+ Display50MP (OIS) + 50MP | 32MP Front Camera5000 mAh BatteryDimensity 7200 Pro Processor1 Year Manufacturing Warranty,4.4
11,"Nothing Phone (2a) 5G (White, 128 GB)","23,999",8 GB RAM | 128 GB ROM17.02 cm (6.7 inch) Full HD+ Display50MP (OIS) + 50MP | 32MP Front Camera5000 mAh BatteryDimensity 7200 Pro Processor1 Year Manufacturing Warranty,4.4
12,"IQOO Z7 Pro 5G (Blue Lagoon, 256 GB)","24,190",8 GB RAM | 256 GB ROM17.22 cm (6.78 inch) Display64MP Rear Camera4600 mAh Battery1 Year on Handset and 6 Months on Accessories,4.4
13,"OnePlus Nord CE3 5G (Grey Shimmer, 128 GB)","20,258",8 GB RAM | 128 GB ROM17.02 cm (6.7 inch) Display50MP Rear Camera5000 mAh BatteryDomestic 1 Year of Device & 6 Months for In-Box Accessories,4.4
14,"OnePlus Nord CE4 (Celadon Marble, 128 GB)","24,862",8 GB RAM | 128 GB ROM17.02 cm (6.7 inch) Display50MP Rear Camera5500 mAh BatteryOxygenOS 14.0 ProcessorDomestic Warranty 1 Year For Handset And 6 month For Accessories.,4.4
15,"POCO X6 Pro 5G (Racing Grey, 256 GB)","23,999",8 GB RAM | 256 GB ROM16.94 cm (6.67 inch) Display64MP + 8MP + 2MP | 16MP Front Camera5000 mAh BatteryDimensity D8300 Ultra Processor1 Year Manufacturer Warranty for Phone and 6 Months Warranty for In the Box Accessories,4.2
16,"POCO X6 5G (Snowstorm White, 512 GB)","21,999",12 GB RAM | 512 GB ROM16.94 cm (6.67 inch) Display64MP + 8MP + 2MP | 16MP Front Camera5100 mAh Battery7s Gen 2 Mobile Platform 5G Processor1 Year Manufacturer Warranty for Phone and 6 Months Warranty for In the Box Accessories,4.3
17,"OnePlus Nord CE3 5G (Aqua Surge, 128 GB)","19,755",8 GB RAM | 128 GB ROM17.02 cm (6.7 inch) Display50MP Rear Camera | 16MP Front Camera5000 mAh BatteryDomestic 1 Year of Device & 6 Months for In-Box Accessories,4.4
18,"POCO X6 5G (Mirror Black, 512 GB)","21,999",12 GB RAM | 512 GB ROM16.94 cm (6.67 inch) Display64MP + 8MP + 2MP | 16MP Front Camera5100 mAh Battery7s Gen 2 Mobile Platform 5G Processor1 Year Manufacturer Warranty for Phone and 6 Months Warranty for In the Box Accessories,4.3
19,"REDMI Note 13 Pro 5G (Coral Purple, 128 GB)","24,999",8 GB RAM | 128 GB ROM16.94 cm (6.67 inch) Display200MP (OIS) + 8MP + 2MP | 16MP Front Camera5100 mAh Battery7s Gen 2 Mobile Platform 5G Processor1 Year Manufacturer Warranty for Phone and 6 Months Warranty for In the Box Accessories,4.3
20,"IQOO Z9 (Brushed Green, 128 GB)","19,555",8 GB RAM | 128 GB ROM17.22 cm (6.78 inch) Display50MP Rear Camera5000 mAh Battery1 Year,4.3
21,"REDMI Note 13 5G (Stealth Black, 256 GB)","19,785",12 GB RAM | 256 GB ROM16.94 cm (6.67 inch) Display108MP Rear Camera5000 mAh Battery1 Year Brand Warranty,4.2
22,"IQOO Z7 Pro 5G (Graphite Matte, 256 GB)","23,897",8 GB RAM | 256 GB ROM17.22 cm (6.78 inch) Display64MP Rear Camera4600 mAh Battery1 Year on Handset and 6 Months on Accessories,4.4
23,"IQOO Z7 Pro 5G (Blue Lagoon, 128 GB)","22,618",8 GB RAM | 128 GB ROM17.22 cm (6.78 inch) Display64MP Rear Camera4600 mAh Battery1 Year on Handset and 6 Months on Accessories,4.4
24,"REDMI Note 13 5G (Prism Gold, 128 GB)","15,702",6 GB RAM | 128 GB ROM16.94 cm (6.67 inch) Display108MP Rear Camera5000 mAh Battery1 Year Brand Warranty,4.2
25,"Motorola Edge 40 Neo (Caneel Bay, 128 GB)","22,999",8 GB RAM | 128 GB ROM16.64 cm (6.55 inch) Full HD+ Display50MP + 13MP | 32MP Front Camera5000 mAh BatteryDimensity 7030 Processor1 Year on Handset and 6 Months on Accessories,4.3
26,"SAMSUNG Galaxy M34 5G without charger (Midnight Blue, 128 GB)","14,195",6 GB RAM | 128 GB ROM16.51 cm (6.5 inch) Display50MP Rear Camera6000 mAh BatteryDomestic 1 Year of Device & 6 Months for In-Box Accessories,4.2
27,"REDMI Note 13 5G (Prism Gold, 256 GB)","18,474",8 GB RAM | 256 GB ROM16.94 cm (6.67 inch) Full HD+ Display108MP Rear Camera5000 mAh Battery1 Year Brand Warranty,4.1
28,"REDMI Note 13 5G (Arctic White, 256 GB)","18,315",8 GB RAM | 256 GB ROM16.94 cm (6.67 inch) Display108MP Rear Camera5000 mAh Battery1 Year Brand Warranty,4.1
29,"IQOO Z9 5G (Graphene Blue, 256 GB)","22,258",8 GB RAM | 256 GB ROM16.94 cm (6.67 inch) Display50MP Rear Camera5000 mAh Battery1 Year on Handset and 6 Months on Accessories,4.3
30,"OnePlus Nord CE3 5G (Aqua Surge, 128 GB)","19,750",8 GB RAM | 128 GB ROM17.02 cm (6.7 inch) Display50MP Rear Camera | 16MP Front Camera5000 mAh BatteryDomestic 1 Year of Device & 6 Months for In-Box Accessories,4.4
31,"POCO X6 Pro 5G (Yellow, 256 GB)","23,999",8 GB RAM | 256 GB ROM16.94 cm (6.67 inch) Display64MP + 8MP + 2MP | 16MP Front Camera5000 mAh BatteryDimensity D8300 Ultra Processor1 Year Manufacturer Warranty for Phone and 6 Months Warranty for In the Box Accessories,4.2
32,"Nothing Phone (2a) 5G (Blue, 128 GB)","23,999",8 GB RAM | 128 GB ROM17.02 cm (6.7 inch) Full HD+ Display50MP (OIS) + 50MP | 32MP Front Camera5000 mAh BatteryDimensity 7200 Pro Processor1 Year Manufacturing Warranty,4.4
33,"REDMI Note 13 Pro 5G (Midnight Black, 128 GB)","24,999",8 GB RAM | 128 GB ROM16.94 cm (6.67 inch) Display200MP (OIS) + 8MP + 2MP | 16MP Front Camera5100 mAh Battery7s Gen 2 Mobile Platform 5G Processor1 Year Manufacturer Warranty for Phone and 6 Months Warranty for In the Box Accessories,4.3
34,"Infinix Zero 30 5G (Fantasy Purple, 256 GB)","23,999",8 GB RAM | 256 GB ROM17.22 cm (6.78 inch) Full HD+ Display108MP (OIS) + 13MP + 2MP | 50MP Front Camera5000 mAh Lithium-ion Polymer BatteryDimensity 8020 Processor1 Year Warranty on the Handset and 6 Months Warranty on the Accessories,4.2
35,"Infinix Zero 30 5G (Golden Hour, 256 GB)","23,999",8 GB RAM | 256 GB ROM17.22 cm (6.78 inch) Full HD+ Display108MP (OIS) + 13MP + 2MP | 50MP Front Camera5000 mAh Lithium-ion Polymer BatteryDimensity 8020 Processor1 Year Warranty on the Handset and 6 Months Warranty on the Accessories,4.2
36,"Infinix Note 40 Pro 5G (Vintage Green, 256 GB)","21,999",8 GB RAM | 256 GB ROM17.22 cm (6.78 inch) Full HD+ Display108MP (OIS) + 2MP + 2MP | 32MP Front Camera5000 mAh BatteryMediatek Dimensity 7020 Processor1 Year Warranty on Handset and 6 Months Warranty on Inbox Accessories,3.9
37,"POCO X5 Pro 5G (Yellow, 128 GB)","17,348",6 GB RAM | 128 GB ROM16.94 cm (6.67 inch) Full HD+ Display108MP + 8MP + 2MP | 16MP Front Camera5000 mAh BatteryQualcomm Snapdragon 778G Processor1 Year Manufacturer Warranty for Phone and 6 Months Warranty for in the Box Accessories,4.3
38,"REDMI Note 13 5G (Stealth Black, 256 GB)","20,999",12 GB RAM | 256 GB ROM | Expandable Upto 1 TB16.94 cm (6.67 inch) Full HD+ Display108MP + 2MP | 16MP Front Camera5000 mAh BatteryDimensity 6080 Processor1 Year Manufacturer Warranty for Phone and 6 Months Warranty for In the Box Accessories,4.2
39,"Motorola Edge 40 Neo (Peach Fuzz, 256 GB)","24,999",12 GB RAM | 256 GB ROM16.64 cm (6.55 inch) Full HD+ Display50MP + 13MP | 32MP Front Camera5000 mAh BatteryDimensity 7030 Processor1 Year on Handset and 6 Months on Accessories,4.3
40,"REDMI Note 13 Pro 5G (Arctic White, 128 GB)","24,999",8 GB RAM | 128 GB ROM16.94 cm (6.67 inch) Display200MP (OIS) + 8MP + 2MP | 16MP Front Camera5100 mAh Battery7s Gen 2 Mobile Platform 5G Processor1 Year Manufacturer Warranty for Phone and 6 Months Warranty for In the Box Accessories,4.3
41,"IQOO Z9 5G (Brushed Green, 256 GB)","21,918",8 GB RAM | 256 GB ROM16.94 cm (6.67 inch) Display50MP Rear Camera5000 mAh Battery1 Year on Handset and 6 Months on Accessories,4.3
42,"SAMSUNG Galaxy M34 5G (Waterfall Blue, 128 GB)","14,193",6 GB RAM | 128 GB ROM16.51 cm (6.5 inch) Display50MP Rear Camera6000 mAh BatteryDomestic 1 Year of Device & 6 Months for In-Box Accessories,4.2
43,"Infinix Zero 30 5G (Golden Hour, 256 GB)","22,999",12 GB RAM | 256 GB ROM17.22 cm (6.78 inch) Full HD+ Display108MP (OIS) + 13MP + 2MP | 50MP Front Camera5000 mAh Lithium-ion Polymer BatteryDimensity 8020 Processor1 Year Warranty on the Handset and 6 Months Warranty on the Accessories,4.2
44,"Infinix Zero 30 5G (Fantasy Purple, 256 GB)","22,999",12 GB RAM | 256 GB ROM17.22 cm (6.78 inch) Full HD+ Display108MP (OIS) + 13MP + 2MP | 50MP Front Camera5000 mAh Lithium-ion Polymer BatteryDimensity 8020 Processor1 Year Warranty on the Handset and 6 Months Warranty on the Accessories,4.2
45,"OPPO A79 5G (Mystery Black, 128 GB)","17,499","8 GB RAM | 128 GB ROM | Expandable Upto 1 TB17.07 cm (6.72 inch) Full HD+ DisplayRear Camera: 50MP AI Camera, 2MP Portrait Camera Front Camera: 8MP Selfie Camera | 8MP Front Camera5000 mAh Lithium Polymer BatteryMediatek Dimensity 6020 ProcessorBefore going on the market, the product has gone through 6 tests, namely drop, anti-splash, radiation, weather, slight drop, and signal tests, and 5 safety protection steps, namely durability, fire and flame retardant, temperature protection, noise safety, and battery protection. 50-plus production-related checks, 130-plus ultra-stringent reliability tests, and 320-plus comprehensive testing processes, just to provide OPPO enduring craftsmanship and quality.[1-Meter Directional Drop Test][150-Circle Tumbling Test][14,000 Micro-Drop Test][Water-Spray Test][1,000 25Kg Soft Pressure Tests][Stress Bending Test][500,000 On Button Press Tests][20,000 USB Plug/Unplug Tests][65Â°C 95%RH 168H High Temperature and High Humidity Test][100,000-Plus Rigorous Quality Tests]* The data here refers to laboratory test data only and is not intended for quality assurance in daily use. The actual situation will be slightly different due to different test software versions, test environments, and versions.12 Months on Handset and 6 Months on Adapter & Cable",4.3
46,"Infinix Note 40 Pro 5G (Titan Gold, 256 GB)","21,999",8 GB RAM | 256 GB ROM17.22 cm (6.78 inch) Full HD+ Display108MP (OIS) + 2MP + 2MP | 32MP Front Camera5000 mAh BatteryMediatek Dimensity 7020 Processor1 Year Warranty on Handset and 6 Months Warranty on Inbox Accessories,3.9
47,"IQOO Z9 5G (Graphene Blue, 128 GB)","19,536",8 GB RAM | 128 GB ROM16.94 cm (6.67 inch) Display50MP Rear Camera5000 mAh Battery1 Year,4.3
48,"POCO F4 5G (Night Black, 128 GB)","19,909",8 GB RAM | 128 GB ROM16.94 cm (6.67 inch) Full HD+ Display64MP + 8MP + 2MP | 20MP Front Camera4500 mAh Lithium-ion Polymer BatteryQualcomm Snapdragon 870 Processor2 Years Brand Warranty,4.3
49,"POCO X5 Pro 5G (Yellow, 128 GB)","17,349",6 GB RAM | 128 GB ROM16.94 cm (6.67 inch) Full HD+ Display108MP + 8MP + 2MP | 16MP Front Camera5000 mAh BatteryQualcomm Snapdragon 778G Processor1 Year Manufacturer Warranty for Phone and 6 Months Warranty for in the Box Accessories,4.3
50,"SAMSUNG Galaxy M34 5G without charger (Prism Silver, 128 GB)","19,698",8 GB RAM | 128 GB ROM16.51 cm (6.5 inch) Full HD+ Display50MP Rear Camera6000 mAh BatteryDomestic 1 Year of Device & 6 Months for In-Box Accessories,4.2
51,"realme Narzo 70 Pro 5G (Glass Gold, 256 GB)","20,364",8 GB RAM | 256 GB ROM16.94 cm (6.67 inch) Display50MP Rear Camera5000 mAh Battery1 Year Domestic Warranty for Phone and 6 Months Warranty for In-Box Accessories,4.4
52,"SAMSUNG Galaxy A15 5G (Blue Black, 256 GB)","22,499",8 GB RAM | 256 GB ROM | Expandable Upto 1 TB16.51 cm (6.5 inch) Full HD+ Display50MP + 5MP + 2MP | 13MP Front Camera5000 mAh BatteryDimensity 6100+ Processor1 Year Manufacturer Warranty for Device and 6 Months for In-Box Accessories,4.1
53,"realme Narzo 70 Pro 5G (Glass Green, 256 GB)","20,783",8 GB RAM | 256 GB ROM16.94 cm (6.67 inch) Display50MP Rear Camera5000 mAh Battery1 Year Domestic Warranty for Phone and 6 Months Warranty for In-Box Accessories,4.4
54,"Mi 11 Lite (Jazz Blue, 128 GB)","21,999",6 GB RAM | 128 GB ROM | Expandable Upto 512 GB16.64 cm (6.55 inch) Full HD+ Display64MP + 8MP + 5MP | 16MP Front Camera4250 mAh Li-Polymer BatteryQualcomm Snapdragon 732G Processor1 Year Manufacturer Warranty for Handset and 6 Months Warranty for In the Box Accessories,4.2
55,"SAMSUNG Galaxy A15 5G (Blue Black, 128 GB)","19,499",8 GB RAM | 128 GB ROM | Expandable Upto 1 TB16.51 cm (6.5 inch) Full HD+ Display50MP + 5MP + 2MP | 13MP Front Camera5000 mAh BatteryDimensity 6100+ Processor1 Year Manufacturer Warranty for Device and 6 Months for In-Box Accessories,4.1
56,"OPPO F25 Pro 5G (Coral Purple, 128 GB)","23,999",8 GB RAM | 128 GB ROM | Expandable Upto 2 TB17.02 cm (6.7 inch) Full HD+ Display64MP + 8MP + 2MP | 32MP Front Camera5000 mAh BatteryDimensity 7050 Processor1 Year Manufacturer Warranty for Device and 6 Months Manufacturer Warranty for Inbox Accessories,4.3
57,"POCO X4 Pro 5G (Laser Black, 128 GB)","21,999","8 GB RAM | 128 GB ROM | Expandable Upto 1 TB16.94 cm (6.67 inch) Full HD+ Super AMOLED Display64MP + 8MP + 2MP | 16MP Front Camera5000 mAh Lithium-ion Polymer BatteryQualcomm Snapdragon 695 5G ProcessorOne Year for Handset, 6 Months for Accessories",4.2
58,"SAMSUNG Galaxy A14 5G (Light Green, 128 GB)","17,999",8 GB RAM | 128 GB ROM | Expandable Upto 1 TB16.76 cm (6.6 inch) HD+ Display50MP + 2MP | 13MP Front Camera5000 mAh Lithium Ion BatterySEC S5E8535 (Exynos 1330) Processor1 Year Manufacturer Warranty for Device and 6 Months Manufacturer Warranty for In-Box Accessories,4.1
59,"Honor X9b (Sunrise Orange, 256 GB)","22,999",8 GB RAM | 256 GB ROM17.22 cm (6.78 inch) Full HD+ Display108MP + 5MP + 2MP | 16MP Front Camera5800 mAh BatteryQualcomm Snapdragon 6 Gen 1 Processor1 Year Manufacturer Warranty for Device and 6 Months Manufacturer Warranty for Inbox Accessories,4.2
60,"SAMSUNG Galaxy A15 5G (Light Blue, 128 GB)","19,499",8 GB RAM | 128 GB ROM | Expandable Upto 1 TB16.51 cm (6.5 inch) Full HD+ Display50MP + 5MP + 2MP | 13MP Front Camera5000 mAh BatteryDimensity 6100+ Processor1 Year Manufacturer Warranty for Device and 6 Months for In-Box Accessories,4.1
61,"OPPO F25 Pro 5G (Ocean Blue, 128 GB)","23,999",8 GB RAM | 128 GB ROM | Expandable Upto 2 TB17.02 cm (6.7 inch) Full HD+ Display64MP + 8MP + 2MP | 32MP Front Camera5000 mAh BatteryDimensity 7050 Processor1 Year Manufacturer Warranty for Device and 6 Months Manufacturer Warranty for Inbox Accessories,4.3
62,"OPPO F25 Pro 5G (Lava Red, 128 GB)","23,999",8 GB RAM | 128 GB ROM | Expandable Upto 2 TB17.02 cm (6.7 inch) Full HD+ Display64MP + 8MP + 2MP | 32MP Front Camera5000 mAh BatteryDimensity 7050 Processor1 Year Manufacturer Warranty for Device and 6 Months Manufacturer Warranty for Inbox Accessories,4.3
63,"SAMSUNG Galaxy A15 5G (Blue, 128 GB)","19,499",8 GB RAM | 128 GB ROM | Expandable Upto 1 TB16.51 cm (6.5 inch) Full HD+ Display50MP + 5MP + 2MP | 13MP Front Camera5000 mAh BatteryDimensity 6100+ Processor1 Year Manufacturer Warranty for Device and 6 Months for In-Box Accessories,4.1
64,"IQOO Z7 Pro 5G (Graphite Matte, 128 GB)","22,284",8 GB RAM | 128 GB ROM17.22 cm (6.78 inch) Display64MP Rear Camera4600 mAh Battery1 Year on Handset and 6 Months on Accessories,4.4
65,"SAMSUNG Galaxy M52 5G (Icy Blue, 128 GB)","21,990",8 GB RAM | 128 GB ROM17.02 cm (6.7 inch) Display32MP Rear Camera5000 mAh Battery1 Year Warranty,4.2
66,"Honor X9b (Midnight Black, 256 GB)","22,979",8 GB RAM | 256 GB ROM17.22 cm (6.78 inch) Full HD+ Display108MP + 5MP + 2MP | 16MP Front Camera5800 mAh BatteryQualcomm Snapdragon 6 Gen 1 Processor1 Year Manufacturer Warranty for Device and 6 Months Manufacturer Warranty for Inbox Accessories,4.2
67,"Motorola Edge 50 Fusion (Forest Blue, 256 GB)","24,999",12 GB RAM | 256 GB ROM17.02 cm (6.7 inch) Full HD+ Display50MP + 13MP | 32MP Front Camera5000 mAh Battery7s Gen 2 Processor1 Year on Handset and 6 Months on Accessories,4.4
68,"vivo Y200e 5G (Black Diamond, 128 GB)","19,999",6 GB RAM | 128 GB ROM | Expandable Upto 1 TB16.94 cm (6.67 inch) Full HD+ Display50MP + 2MP | 16MP Front Camera5000 mAh BatterySnapdragon 4 Gen 2 Processor1 Year Manufacturer Warranty for Device and 6 Months Manufacturer Warranty for Inbox Accessories,4.2
69,"REDMI Note 12 5G (Matte Black, 256 GB)","16,974",8 GB RAM | 256 GB ROM | Expandable Upto 1 TB16.94 cm (6.67 inch) Full HD+ AMOLED Display48MP + 8MP + 2MP | 13MP Front Camera5000 mAh BatteryQualcomm Snapdragon 4 Gen 1 Processor1 Year Manufacturer Warranty for Phone and 6 Months Warranty for In the Box Accessories,4.1
70,"POCO F4 5G (Nebula Green, 128 GB)","20,990",8 GB RAM | 128 GB ROM16.94 cm (6.67 inch) Full HD+ Display64MP + 8MP + 2MP | 20MP Front Camera4500 mAh Lithium-ion Polymer BatteryQualcomm Snapdragon 870 Processor2 Years Brand Warranty,4.3
71,"vivo Y200e 5G (Black Diamond, 128 GB)","20,999",8 GB RAM | 128 GB ROM | Expandable Upto 1 TB16.94 cm (6.67 inch) Full HD+ Display50MP + 2MP | 16MP Front Camera5000 mAh BatterySnapdragon 4 Gen 2 Processor1 Year Manufacturer Warranty for Device and 6 Months Manufacturer Warranty for Inbox Accessories,4.3
72,"vivo Y28 5G (Glitter Aqua, 128 GB)","16,999",8 GB RAM | 128 GB ROM | Expandable Upto 1 TB16.66 cm (6.56 inch) Display50MP + 2MP | 8MP Front Camera5000 mAh BatteryDimensity 6020 Processor1 Year Manufacturer Warranty for Device and 6 Months Manufacturer Warranty for Inbox Accessories,4.4
73,"SAMSUNG Galaxy A23 5G (Orange, 128 GB)","20,999",6 GB RAM | 128 GB ROM | Expandable Upto 1 TB16.76 cm (6.6 inch) Full HD+ Display50MP + 5MP | 8MP Front Camera5000 mAh Lithium Ion BatteryQualcomm Snapdragon 695 (SM6375) Processor1 Year Manufacturer Warranty for Device and 6 Months Manufacturer Warranty for In-Box Accessories,4.1
74,"Motorola Edge 40 Neo (Black Beauty, 256 GB)","24,999",12 GB RAM | 256 GB ROM16.64 cm (6.55 inch) Full HD+ Display50MP + 13MP | 32MP Front Camera5000 mAh BatteryDimensity 7030 Processor1 Year on Handset and 6 Months on Accessories,4.3
75,"IQOO IQOOZ7PRO (Lagoon Blue, 128 GB)","22,890",8 GB RAM | 128 GB ROM17.22 cm (6.78 inch) Display64MP Rear Camera4600 mAh Battery1 Year,4.3
76,"Infinix Note 40 Pro+ 5G (Vintage Green, 256 GB)","24,999",12 GB RAM | 256 GB ROM17.22 cm (6.78 inch) Full HD+ Display108MP (OIS) + 2MP + 2MP | 32MP Front Camera4600 mAh BatteryMediatek Dimensity 7020 Processor1 Year Warranty on Handset and 6 Months Warranty on Inbox Accessories,4.1
77,"POCO X5 Pro 5G (Astral Black, 256 GB)","24,999",8 GB RAM | 256 GB ROM16.94 cm (6.67 inch) Full HD+ Display108MP + 8MP + 2MP | 16MP Front Camera5000 mAh BatteryQualcomm Snapdragon 778G Processor1 Year Manufacturer Warranty for Phone and 6 Months Warranty for in the Box Accessories,4.3
78,"SAMSUNG Galaxy F54 5G (Stardust Silver, 256 GB)","22,999",8 GB RAM | 256 GB ROM | Expandable Upto 1 TB17.02 cm (6.7 inch) Full HD+ Display108MP + 8MP + 2MP | 32MP Front Camera6000 mAh BatteryOcta Core Processor1 Year Manufacturer Warranty for Device and 6 Months Manufacturer Warranty for In-Box Accessories,4.2
79,"SAMSUNG Galaxy A15 5G (Light Blue, 256 GB)","22,499",8 GB RAM | 256 GB ROM | Expandable Upto 1 TB16.51 cm (6.5 inch) Full HD+ Display50MP + 5MP + 2MP | 13MP Front Camera5000 mAh BatteryDimensity 6100+ Processor1 Year Manufacturer Warranty for Device and 6 Months for In-Box Accessories,4.1
80,"SAMSUNG Galaxy A25 5G (Blue Black, 128 GB)","23,999",8 GB RAM | 128 GB ROM | Expandable Upto 1 TB16.51 cm (6.5 inch) Full HD+ Display50MP + 8MP + 2MP | 13MP Front Camera5000 mAh BatteryExynos 1280 Processor1 Year Manufacturer Warranty for Device and 6 Months for In-Box Accessories,4.2
81,"Motorola edge 30 (Meteor Grey, 128 GB)","24,999",6 GB RAM | 128 GB ROM16.64 cm (6.55 inch) Full HD+ Display50MP + 50MP + 2MP | 32MP Front Camera4020 mAh Lithium BatteryQualcomm Snapdragon 778G Plus Processor1 Year on Handset and 6 Months on Accessories,4.1
82,"OPPO A78 (Aqua Green, 128 GB)","15,499",8 GB RAM | 128 GB ROM16.33 cm (6.43 inch) Full HD+ AMOLED Display50MP + 2MP | 8MP Front Camera5000 mAh BatterySnapdragon 680 Processor1 Year Manufacturer Warranty for Phone and 6 Months Warranty for In the Box Accessories,4.3
83,"SAMSUNG Galaxy A23 5G (Silver, 128 GB)","20,999",6 GB RAM | 128 GB ROM | Expandable Upto 1 TB16.76 cm (6.6 inch) Full HD+ Display50MP + 5MP | 8MP Front Camera5000 mAh Lithium Ion BatteryQualcomm Snapdragon 695 (SM6375) Processor1 Year Manufacturer Warranty for Device and 6 Months Manufacturer Warranty for In-Box Accessories,4.1
84,"SAMSUNG Galaxy A23 5G (Silver, 128 GB)","22,999",8 GB RAM | 128 GB ROM | Expandable Upto 1 TB16.76 cm (6.6 inch) Full HD+ Display50MP + 5MP | 8MP Front Camera5000 mAh Lithium Ion BatteryQualcomm Snapdragon 695 (SM6375) Processor1 Year Manufacturer Warranty for Device and 6 Months Manufacturer Warranty for In-Box Accessories,4
85,"SAMSUNG Galaxy F42 5G (Matte Aqua, 128 GB)","22,999",8 GB RAM | 128 GB ROM | Expandable Upto 1 TB16.76 cm (6.6 inch) Full HD+ Display64MP + 5MP + 2MP | 8MP Front Camera5000 mAh Lithium-ion BatteryMediaTek Dimensity 700 Processor1 Year Warranty Provided by the Manufacturer from Date of Purchase,4.1
86,"OnePlus Nord 2T 5G (Gray Shadow, 128 GB)","24,999",8 GB RAM | 128 GB ROM17.02 cm (6.7 inch) Display50MP Rear Camera4500 mAh Battery12 Month,4.3
87,"Mi 11 Lite (Vinyl Black, 128 GB)","23,999",8 GB RAM | 128 GB ROM | Expandable Upto 512 GB16.64 cm (6.55 inch) Full HD+ Display64MP + 8MP + 5MP | 16MP Front Camera4250 mAh Li-Polymer BatteryQualcomm Snapdragon 732G Processor1 Year Manufacturer Warranty for Handset and 6 Months Warranty for In the Box Accessories,4.2
88,"Mi 11 Lite (Jazz Blue, 128 GB)","23,999",8 GB RAM | 128 GB ROM | Expandable Upto 512 GB16.64 cm (6.55 inch) Full HD+ Display64MP + 8MP + 5MP | 16MP Front Camera4250 mAh Li-Polymer BatteryQualcomm Snapdragon 732G Processor1 Year Manufacturer Warranty for Handset and 6 Months Warranty for In the Box Accessories,4.2
89,"vivo Y35 (Dawn Gold, 128 GB)","13,945",8 GB RAM | 128 GB ROM16.71 cm (6.58 inch) Full HD+ Display50MP + 2MP + 2MP | 16MP Front Camera5000 mAh Lithium BatteryQualcomm Snapdragon 680 Processor1 Year of Device & 6 Months for In-Box Accessories,4.4
90,"vivo Y200 5G (Jungle Green, 256 GB)","22,215",8 GB RAM | 256 GB ROM | Expandable Upto 2 TB16.94 cm (6.67 inch) Full HD+ AMOLED Display64MP + 2MP | 16MP Front Camera4800 mAh Battery4 Gen 1 Processor1 Year Manufacturer Warranty for Device and 6 Months Manufacturer Warranty for Inbox Accessories,4.4
91,"vivo Y200 5G (Desert Gold, 256 GB)","28,999",8 GB RAM | 256 GB ROM16.94 cm (6.67 inch) Full HD+ Display64MP + 2MP | 16MP Front Camera4800 mAh Battery4 Gen 1 Processor1 Year Manufacturer Warranty for Device and 6 Months Manufacturer Warranty for Inbox Accessories,4.4
92,"vivo Y200 5G (Jungle Green, 128 GB)","21,999",8 GB RAM | 128 GB ROM16.94 cm (6.67 inch) Full HD+ Display64MP + 2MP | 16MP Front Camera4800 mAh Battery4 Gen 1 Processor1 Year Manufacturer Warranty for Device and 6 Months Manufacturer Warranty for Inbox Accessories,4.4
93,"vivo Y200 5G (Desert Gold, 128 GB)","21,999",8 GB RAM | 128 GB ROM16.94 cm (6.67 inch) Full HD+ Display64MP + 2MP | 16MP Front Camera4800 mAh Battery4 Gen 1 Processor1 Year Manufacturer Warranty for Device and 6 Months Manufacturer Warranty for Inbox Accessories,4.4
94,"POCO X4 Pro 5G (Yellow, 128 GB)","21,999","8 GB RAM | 128 GB ROM | Expandable Upto 1 TB16.94 cm (6.67 inch) Full HD+ Super AMOLED Display64MP + 8MP + 2MP | 16MP Front Camera5000 mAh Lithium-ion Polymer BatteryQualcomm Snapdragon 695 5G ProcessorOne Year for Handset, 6 Months for Accessories",4.2
95,"Xiaomi 11i Hypercharge 5G (Purple Mist, 128 GB)","23,990",8 GB RAM | 128 GB ROM | Expandable Upto 1 TB16.94 cm (6.67 inch) Full HD+ AMOLED Display108MP + 8MP + 2MP | 16MP Front Camera4500 mAh Li-Polymer BatteryMediatek Dimensity 920 Processor1 Year Manufacturer Warranty for Phone and 6 Months Warranty for In the Box Accessories,4.2
96,"OPPO A77s (Sunset Orange, 128 GB)","14,999",8 GB RAM | 128 GB ROM | Expandable Upto 1 TB16.66 cm (6.56 inch) HD+ Display50MP + 2MP | 8MP Front Camera5000 mAh Lithium-ion Polymer BatteryQualcomm Snapdragon 680 Processor1 Year on Handset and 6 Months on Accessories,4.3
97,"OPPO F23 5G (Bold Gold, 256 GB)","22,999",8 GB RAM | 256 GB ROM | Expandable Upto 1 TB17.07 cm (6.72 inch) Full HD+ Display64MP + 2MP + 2MP | 32MP Front Camera5000 mAh BatterySnapdragon 695 Processor12 Months on Handset and 6 Months on Adapter & Cable,4.2
98,"Infinix Zero 30 5G (Rome Green, 256 GB)","23,999",8 GB RAM | 256 GB ROM17.22 cm (6.78 inch) Full HD+ Display108MP (OIS) + 13MP + 2MP | 50MP Front Camera5000 mAh Lithium-ion Polymer BatteryDimensity 8020 Processor1 Year Warranty on the Handset and 6 Months Warranty on the Accessories,4.2
99,"SAMSUNG Galaxy A15 5G (Blue, 256 GB)","22,499",8 GB RAM | 256 GB ROM | Expandable Upto 1 TB16.51 cm (6.5 inch) Full HD+ Display50MP + 5MP + 2MP | 13MP Front Camera5000 mAh BatteryDimensity 6100+ Processor1 Year Manufacturer Warranty for Device and 6 Months for In-Box Accessories,4.1
100,"Mi 11 Lite (Vinyl Black, 128 GB)","21,999",6 GB RAM | 128 GB ROM | Expandable Upto 512 GB16.64 cm (6.55 inch) Full HD+ Display64MP + 8MP + 5MP | 16MP Front Camera4250 mAh Li-Polymer BatteryQualcomm Snapdragon 732G Processor1 Year Manufacturer Warranty for Handset and 6 Months Warranty for In the Box Accessories,4.2
101,"vivo Y56 5G (Black Engine, 128 GB)","17,999",8 GB RAM | 128 GB ROM16.71 cm (6.58 inch) Full HD+ Display50MP + 2MP | 16MP Front Camera5000 mAh BatteryMediatek Dimensity 700 Processor1 Year Manufacturer Warranty for Handset and 6 Months Manufacturer Warranty for In-Box Accessories,4.3
102,"vivo Y56 5G (Orange Shimmer, 128 GB)","17,999",8 GB RAM | 128 GB ROM16.71 cm (6.58 inch) Full HD+ Display50MP + 2MP | 16MP Front Camera5000 mAh BatteryMediatek Dimensity 700 Processor1 Year Manufacturer Warranty for Handset and 6 Months Manufacturer Warranty for In-Box Accessories,4.3
103,"vivo V25 5G (Sunrise Gold, 128 GB)","22,900",8 GB RAM | 128 GB ROM16.36 cm (6.44 inch) Full HD+ Display64MP + 8MP + 2MP | 50MP Front Camera4500 mAh Lithium BatteryDimensity 900 Processor1 Year of Device & 6 Months for In-Box Accessories,4.3
104,"SAMSUNG Galaxy A23 (Blue, 128 GB)","16,490",6 GB RAM | 128 GB ROM | Expandable Upto 1 TB16.76 cm (6.6 inch) Full HD+ Display50MP Rear Camera | 8MP Front Camera5000 mAh Li-Ion BatteryOcta-core(EXYNOS) Processor1 year manufacturer warranty for device and 6 months manufacturer warranty for in-box,4.2
105,"vivo V23e 5G (Midnight Blue, 128 GB)","20,499",8 GB RAM | 128 GB ROM | Expandable Upto 1 TB16.36 cm (6.44 inch) Full HD+ AMOLED Display50MP + 8MP + 2MP | 44MP Front Camera4050 mAh Lithium BatteryMediatek Dimensity 810 Processor1 Year Manufacturer Warranty for Phone and 6 Months Warranty for In the Box Accessories,4.2
106,"vivo V23e 5G (Sunshine Gold, 128 GB)","20,999",8 GB RAM | 128 GB ROM | Expandable Upto 1 TB16.36 cm (6.44 inch) Full HD+ AMOLED Display50MP + 8MP + 2MP | 44MP Front Camera4050 mAh Lithium BatteryMediatek Dimensity 810 Processor1 Year Manufacturer Warranty for Phone and 6 Months Warranty for In the Box Accessories,4.2
107,"REDMI Note 11S (Polar White, 128 GB)","14,477",8 GB RAM | 128 GB ROM16.33 cm (6.43 inch) Display108MP Rear Camera5000 mAh Battery1 Year Warranty,4.2
108,"Tecno Camon 30 5G (Uyuni Salt White, 256 GB)","22,999",8 GB RAM | 256 GB ROM | Expandable Upto 1 TB17.22 cm (6.78 inch) Full HD+ Display50MP + 2MP | 50MP Front Camera5000 mAh BatteryMediatek Dimensity 7020 Ultimate Processor1 year manufacturer Warranty,4.1
109,"Tecno Camon 30 5G (Basaltic Dark, 256 GB)","22,999",8 GB RAM | 256 GB ROM | Expandable Upto 1 TB17.22 cm (6.78 inch) Full HD+ Display50MP + 2MP | 50MP Front Camera5000 mAh BatteryMediatek Dimensity 7020 Ultimate Processor1 year manufacturer Warranty,4.2
110,"SAMSUNG Galaxy F42 5G (Matte Aqua, 128 GB)","20,999",6 GB RAM | 128 GB ROM | Expandable Upto 1 TB16.76 cm (6.6 inch) Full HD+ Display64MP + 5MP + 2MP | 8MP Front Camera5000 mAh Lithium-ion BatteryMediaTek Dimensity 700 Processor1 Year Warranty Provided by the Manufacturer from Date of Purchase,4.2
111,"SAMSUNG Galaxy M33 5G (Mystique Green, 128 GB)","22,099",8 GB RAM | 128 GB ROM16.76 cm (6.6 inch) Display50MP Rear Camera6000 mAh Battery1 Year Warranty,4.3
112,"SAMSUNG Galaxy M33 5G (Mystique Green, 128 GB)","17,999",6 GB RAM | 128 GB ROM16.74 cm (6.59 inch) Display50MP Rear Camera | 8MP Front Camera6000 mAh Battery12 Months Warranty,4.3
113,"POCO X5 Pro 5G (Horizon Blue, 256 GB)","24,999",8 GB RAM | 256 GB ROM16.94 cm (6.67 inch) Full HD+ Display108MP + 8MP + 2MP | 16MP Front Camera5000 mAh BatteryQualcomm Snapdragon 778G Processor1 Year Manufacturer Warranty for Phone and 6 Months Warranty for in the Box Accessories,3.9
114,"OnePlus Nord CE 2 5G (Bahama Blue, 128 GB)","23,289",8 GB RAM | 128 GB ROM16.33 cm (6.43 inch) Display64MP Rear Camera4500 mAh Battery1 Year Warranty,4.1
115,"ASUS Zenfone 2 ZE551ML (Silver, 64 GB)","22,999",4 GB RAM | 64 GB ROM | Expandable Upto 64 GB13.97 cm (5.5 inch) Full HD Display13MP Rear Camera | 5MP Front Camera3000 mAh Li-Polymer BatteryIntel Atom Z3580 ProcessorBrand Warranty of 1 Year Available for Mobile and 6 Months for Accessories,4.3
116,"SAMSUNG Galaxy A14 5G (Dark Red, 128 GB)","17,999",8 GB RAM | 128 GB ROM | Expandable Upto 1 TB16.76 cm (6.6 inch) HD+ Display50MP + 2MP | 13MP Front Camera5000 mAh Lithium Ion BatterySEC S5E8535 (Exynos 1330) Processor1 Year Manufacturer Warranty for Device and 6 Months Manufacturer Warranty for In-Box Accessories,4.2
117,"Motorola Edge 40 Neo (Black Beauty, 128 GB)","22,999",8 GB RAM | 128 GB ROM16.64 cm (6.55 inch) Full HD+ Display50MP + 13MP | 32MP Front Camera5000 mAh BatteryDimensity 7030 Processor1 Year on Handset and 6 Months on Accessories,4.1
118,"REDMI Note 11T 5G (Stardust White, 128 GB)","17,489",6 GB RAM | 128 GB ROM16.76 cm (6.6 inch) Display50MP Rear Camera5000 mAh Battery1 Year Warranty,4.2
119,"Motorola edge 30 (Aurora Green, 128 GB)","24,999",6 GB RAM | 128 GB ROM16.64 cm (6.55 inch) Full HD+ Display50MP + 50MP + 2MP | 32MP Front Camera4020 mAh Lithium BatteryQualcomm Snapdragon 778G Plus Processor1 Year on Handset and 6 Months on Accessories,4.1
120,"SAMSUNG Galaxy A25 5G (Blue, 128 GB)","23,999",8 GB RAM | 128 GB ROM | Expandable Upto 1 TB16.51 cm (6.5 inch) Full HD+ Display50MP + 8MP + 2MP | 13MP Front Camera5000 mAh BatteryExynos 1280 Processor1 Year Manufacturer Warranty for Device and 6 Months for In-Box Accessories,4.3
121,"SAMSUNG Galaxy A33 (Awesome Black, 128 GB)","25,999",6 GB RAM | 128 GB ROM | Expandable Upto 1 TB16.26 cm (6.4 inch) Full HD+ Display48MP + 8MP + 5MP + 2MP | 13MP Front Camera5000 mAh Li-ion BatteryExynos 1280 Processor1 Year Manufacturer Warranty for Device and 6 Months Manufacturer Warranty for In-Box,4.2
122,"SAMSUNG Galaxy A53 5G (Awesome Black, 128 GB)","24,999",8 GB RAM | 128 GB ROM16.51 cm (6.5 inch) Display64MP Rear Camera5000 mAh BatteryDomestic 1 year warranty on phone & 6 months on accessories,4.2
123,"SAMSUNG Galaxy A25 5G (Yellow, 128 GB)","23,999",8 GB RAM | 128 GB ROM | Expandable Upto 1 TB16.51 cm (6.5 inch) Full HD+ Display50MP + 8MP + 2MP | 13MP Front Camera5000 mAh BatteryExynos 1280 Processor1 Year Manufacturer Warranty for Device and 6 Months for In-Box Accessories,4.3
124,"Xiaomi 11i 5G (Camo Green, 128 GB)","24,999",6 GB RAM | 128 GB ROM | Expandable Upto 1 TB16.94 cm (6.67 inch) Full HD+ AMOLED Display108MP Rear Camera | 16MP Front Camera5160 mAh Li-Polymer BatteryMediatek Dimensity 920 Processor1 Year Manufacturer Warranty for Phone and 6 Months Warranty for in the Box Accessories,4.2
125,"POCO F4 5G (Night Black, 256 GB)","23,990",12 GB RAM | 256 GB ROM16.94 cm (6.67 inch) Full HD+ Display64MP + 8MP + 2MP | 20MP Front Camera4500 mAh Lithium-ion Polymer BatteryQualcomm Snapdragon 870 Processor2 Years Brand Warranty,4.3
126,"OnePlus Nord CE 2 5G (Gray Mirror, 128 GB)","21,799",6 GB RAM | 128 GB ROM16.33 cm (6.43 inch) Display50MP Rear Camera4500 mAh Battery12 month,4.3
127,"OPPO A77s (Starry Black, 128 GB)","22,999",8 GB RAM | 128 GB ROM | Expandable Upto 1 TB16.66 cm (6.56 inch) HD+ Display50MP + 2MP | 8MP Front Camera5000 mAh Lithium-ion Polymer BatteryQualcomm Snapdragon 680 Processor1 Year on Handset and 6 Months on Accessories,4.1
128,"SAMSUNG Galaxy F23 5G (Copper Blush, 128 GB)","18,499",6 GB RAM | 128 GB ROM | Expandable Upto 1 TB16.76 cm (6.6 inch) Full HD+ Display50MP + 8MP + 2MP | 8MP Front Camera5000 mAh Lithium Ion BatteryQualcomm Snapdragon 750G Processor1 Year Warranty Provided by the Manufacturer from Date of Purchase,4.4
129,"SAMSUNG M53 5G (Mystique Green, 128 GB)","21,990",6 GB RAM | 128 GB ROM17.02 cm (6.7 inch) Display108MP Rear Camera5000 mAh Battery12 MONTHS,4.2
130,"vivo T1 Pro 5G (Turbo Cyan, 128 GB)","21,685",8 GB RAM | 128 GB ROM16.36 cm (6.44 inch) Full HD+ AMOLED Display64MP + 8MP + 2MP | 16MP Front Camera4700 mAh Lithium BatteryQualcomm Snapdragon 778G 5G Mobile Platform Processor1 Year Handset and 6 Months Accessories,4.3
131,"Mi 11X (Cosmic Black, 128 GB)","22,990",8 GB RAM | 128 GB ROM16.94 cm (6.67 inch) Full HD+ Display48MP + 8MP + 5MP | 20MP Front Camera4520 mAh BatteryQualcomm Snapdragon 870 Processor1 Year Manufacturer Warranty for Device and 6 Months Manufacturer Warranty for In-box Accessories,4.2
132,"OnePlus Nord CE 2 5G (Bahama Blue, 128 GB)","22,990",8 GB RAM | 128 GB ROM16.33 cm (6.43 inch) Display64MP Rear Camera4500 mAh Battery12 Month,4.2
133,"Mi 11X (Lunar White, 128 GB)","22,299",8 GB RAM | 128 GB ROM16.94 cm (6.67 inch) Full HD+ Display48MP + 8MP + 5MP | 20MP Front Camera4520 mAh BatteryQualcomm Snapdragon 870 Processor1 Year Manufacturer Warranty for Device and 6 Months Manufacturer Warranty for In-box Accessories,4.3
134,"SAMSUNG Galaxy M52 5G (Icy Blue, 128 GB)","21,390",6 GB RAM | 128 GB ROM17.02 cm (6.7 inch) Display64MP Rear Camera5000 mAh Battery1 Year Warranty,4.3
135,"LAVA AGNI 2 5G (Glass Iron, 256 GB)","22,349",8 GB RAM | 256 GB ROM | Expandable Upto 256 GB17.22 cm (6.78 inch) Full HD+ AMOLED Display50MP + 8MP + 2MP + 2MP | 16MP Front Camera4700 mAh BatteryIndia's First 2.6GHz MediaTek Dimensity 7050 6nm Superfast Processor Processor1 Year Manufacturer Warranty for Phone and 6 Months Warranty for Accessories in the Box,4.2
136,"OnePlus Nord CE 2 5G (Gray Mirror, 128 GB)","21,999",8 GB RAM | 128 GB ROM16.33 cm (6.43 inch) Display64MP Rear Camera4500 mAh Battery1 Year,4.3
137,"OnePlus Nord CE 2 5G (Bahama Blue, 128 GB)","21,849",6 GB RAM | 128 GB ROM16.33 cm (6.43 inch) Display64MP Rear Camera4500 mAh Battery1 Year Warranty,4.2
138,"OnePlus Nord CE 2 5G (Bahama Blue, 128 GB)","21,999",8 GB RAM | 128 GB ROM16.33 cm (6.43 inch) Display64MP Rear Camera4500 mAh Battery1 Year Warranty,4.4
139,"OnePlus Nord CE 2 5G (Gray Mirror, 128 GB)","23,399",6 GB RAM | 128 GB ROM16.33 cm (6.43 inch) Display64MP Rear Camera4500 mAh Battery1 Year Warranty,3.8
140,"vivo T1 Pro 5G (Turbo Black, 128 GB)","23,999",6 GB RAM | 128 GB ROM16.36 cm (6.44 inch) Full HD+ AMOLED Display64MP + 8MP + 2MP | 16MP Front Camera4700 mAh Lithium BatteryQualcomm Snapdragon 778G 5G Mobile Platform Processor1 Year Handset and 6 Months Accessories,4.3
141,"vivo V25 pro (Pure Black, 128 GB)","24,999",8 GB RAM | 128 GB ROM16.66 cm (6.56 inch) Display64MP Rear Camera4830 mAh BatteryDomestic 1 Year on Handset and 6 Months on Accessories,4
142,"LAVA AGNI 2 5G (Glass Heather, 256 GB)","21,289",8 GB RAM | 256 GB ROM | Expandable Upto 256 GB17.22 cm (6.78 inch) Full HD+ AMOLED Display50MP + 8MP + 2MP + 2MP | 16MP Front Camera4700 mAh BatteryIndia's First 2.6GHz MediaTek Dimensity 7050 6nm Superfast Processor Processor1 Year Manufacturer Warranty for Phone and 6 Months Warranty for Accessories in the Box,4
143,"SAMSUNG Galaxy A23 5G (Light Blue, 128 GB)","22,999",8 GB RAM | 128 GB ROM | Expandable Upto 1 TB16.76 cm (6.6 inch) Full HD+ Display50MP + 5MP | 8MP Front Camera5000 mAh Lithium Ion BatteryQualcomm Snapdragon 695 (SM6375) Processor1 Year Manufacturer Warranty for Device and 6 Months Manufacturer Warranty for In-Box Accessories,4.3
144,"SAMSUNG Galaxy A23 5G (Light Blue, 128 GB)","22,999",8 GB RAM | 128 GB ROM | Expandable Upto 1 TB16.76 cm (6.6 inch) Full HD+ Display50MP + 5MP | 8MP Front Camera5000 mAh Lithium Ion BatteryQualcomm Snapdragon 695 (SM6375) Processor1 Year Manufacturer Warranty for Device and 6 Months Manufacturer Warranty for In-Box Accessories,4.1
145,"SAMSUNG Galaxy A23 (Blue, 128 GB)","17,490",8 GB RAM | 128 GB ROM | Expandable Upto 1 TB16.76 cm (6.6 inch) Full HD+ Display50MP Rear Camera | 8MP Front Camera5000 mAh Li-Ion BatteryOcta-core(EXYNOS) Processor1 year manufacturer warranty for device and 6 months manufacturer warranty for in-box,4.7
146,"SAMSUNG M53 5G (Deep Ocean Blue, 128 GB)","22,890",6 GB RAM | 128 GB ROM17.02 cm (6.7 inch) Display108MP Rear Camera5000 mAh Battery12 MONTHS,4.2
147,"vivo Y200 Pro 5G (Silk Black, 128 GB)","24,999",8 GB RAM | 128 GB ROM17.22 cm (6.78 inch) Display64MP + 2MP | 16MP Front Camera5000 mAh Battery695 Processor1 Year Manufacturer Warranty for Device and 6 Months Manufacturer Warranty for Inbox Accessories,4.4
148,"Xiaomi 11i Hypercharge 5G (Purple Mist, 128 GB)","24,999",6 GB RAM | 128 GB ROM | Expandable Upto 1 TB16.94 cm (6.67 inch) Full HD+ AMOLED Display108MP + 8MP + 2MP | 16MP Front Camera4500 mAh Li-Polymer BatteryMediatek Dimensity 920 Processor1 Year Manufacturer Warranty for Phone and 6 Months Warranty for In the Box Accessories,4.4
149,"vivo T1 Pro 5G (Turbo Black, 128 GB)","21,990",8 GB RAM | 128 GB ROM16.36 cm (6.44 inch) Full HD+ AMOLED Display64MP + 8MP + 2MP | 16MP Front Camera4700 mAh Lithium BatteryQualcomm Snapdragon 778G 5G Mobile Platform Processor1 Year Handset and 6 Months Accessories,4.7
150,"vivo Y200 5G (Jungle Green, 256 GB)","24,990",8 GB RAM | 256 GB ROM16.94 cm (6.67 inch) Full HD+ Display64MP + 2MP | 16MP Front Camera4800 mAh Battery4 Gen 1 Processor1 Year Manufacturer Warranty for Device and 6 Months Manufacturer Warranty for Inbox Accessories,3.9
151,"vivo Y200 Pro 5G (Silk Green, 128 GB)","24,999",8 GB RAM | 128 GB ROM17.22 cm (6.78 inch) Display64MP + 2MP | 16MP Front Camera5000 mAh Battery695 Processor1 Year Manufacturer Warranty for Device and 6 Months Manufacturer Warranty for Inbox Accessories,4
152,"SAMSUNG Galaxy M53 5G (Emerald Brown, 128 GB)","24,990",6 GB RAM | 128 GB ROM17.02 cm (6.7 inch) Display108MP Rear Camera5000 mAh Battery12 Months Warranty,4.2
153,"SAMSUNG Galaxy M53 5G (Mystique Green, 128 GB)","24,990",8 GB RAM | 128 GB ROM17.02 cm (6.7 inch) Display108MP Rear Camera5000 mAh Battery12 Months Warranty,4.4
154,"OnePlus Nord CE 2 5G (Bahama Blue, 128 GB)","21,695",6 GB RAM | 128 GB ROM16.33 cm (6.43 inch) Display64MP Rear Camera4500 mAh Battery1 Year Warranty,4.2
155,"vivo Y200 5G (Desert Gold, 256 GB)","24,999",8 GB RAM | 256 GB ROM16.94 cm (6.67 inch) Full HD+ AMOLED Display64MP + 2MP | 16MP Front Camera4800 mAh Battery4 Gen 1 Processor1 Year Manufacturer Warranty for Device and 6 Months Manufacturer Warranty for Inbox Accessories,4.2
156,"realme GT 5G (Dashing Blue, 128 GB)","23,999",8 GB RAM | 128 GB ROM16.33 cm (6.43 inch) Full HD+ Display64MP + 8MP + 2MP | 16MP Front Camera4500 mAh BatteryQualcomm Snapdragon 888 Processor1 Year Warranty for Mobile and 6 Months for Accessories,4.1
157,"realme GT 5G (Dashing Silver, 128 GB)","23,999",8 GB RAM | 128 GB ROM16.33 cm (6.43 inch) Full HD+ Display64MP + 8MP + 2MP | 16MP Front Camera4500 mAh BatteryQualcomm Snapdragon 888 Processor1 Year Warranty for Mobile and 6 Months for Accessories,4.4
158,"SAMSUNG Galaxy A14 5G (Black, 128 GB)","17,999",8 GB RAM | 128 GB ROM | Expandable Upto 1 TB16.76 cm (6.6 inch) HD+ Display50MP + 2MP | 13MP Front Camera5000 mAh Lithium Ion BatterySEC S5E8535 (Exynos 1330) Processor1 Year Manufacturer Warranty for Device and 6 Months Manufacturer Warranty for In-Box Accessories,4.2
159,"vivo T1 Pro 5G (Turbo Cyan, 128 GB)","21,499",6 GB RAM | 128 GB ROM16.36 cm (6.44 inch) Full HD+ AMOLED Display64MP + 8MP + 2MP | 16MP Front Camera4700 mAh Lithium BatteryQualcomm Snapdragon 778G 5G Mobile Platform Processor1 Year Handset and 6 Months Accessories,4.3
160,"SAMSUNG a23 (bule, 128 GB)","21,999",8 GB RAM | 128 GB ROM | Expandable Upto 1 TB16.76 cm (6.6 inch) Full HD+ Display50MP + 5MP + 5MP + 2MP | 8MP Front Camera5000 mAh BatterySnapdragon 695 Processor1 Year Manufacturer Warranty for Device and 6 Months Manufacturer Warranty,4.2
161,"REDMI Note 11T 5G (Aquamarine Blue, 128 GB)","17,897",6 GB RAM | 128 GB ROM16.76 cm (6.6 inch) Display50MP Rear Camera5000 mAh Battery1 Year Warranty,4.2
162,"vivo Y36 (Vibrant Gold, 128 GB)","14,990",8 GB RAM | 128 GB ROM16.87 cm (6.64 inch) Full HD+ Display50MP + 2MP | 16MP Front Camera5000 mAh BatterySnapdragon 680 Processor1 Year Manufacturer Warranty for Phone and 6 Months Warranty for In the Box Accessories,4.1
163,"OPPO F23 5G (Cool Black, 256 GB)","22,999",8 GB RAM | 256 GB ROM | Expandable Upto 1 TB17.07 cm (6.72 inch) Full HD+ Display64MP + 2MP + 2MP | 32MP Front Camera5000 mAh BatterySnapdragon 695 Processor12 Months on Handset and 6 Months on Adapter & Cable,4.3
164,"vivo Y100A (Twilight Gold, 256 GB)","23,999",8 GB RAM | 256 GB ROM16.21 cm (6.38 inch) Full HD+ Display64MP + 2MP + 2MP | 16MP Front Camera4500 mAh BatterySnapdragon 695 Processor1 Year of Device & 6 Months for Inbox Accessories,4.2
165,"Tecno Phantom X (Summer Sunset, 256 GB)","21,999",8 GB RAM | 256 GB ROM17.02 cm (6.7 inch) Display13MP Rear Camera4700 mAh Battery1 Year Warranty for Headset,4.2
166,"Motorola Edge 40 Neo (Caneel Bay, 256 GB)","24,999",12 GB RAM | 256 GB ROM16.64 cm (6.55 inch) Full HD+ Display50MP + 13MP | 32MP Front Camera5000 mAh BatteryDimensity 7030 Processor1 Year on Handset and 6 Months on Accessories,4.2
167,"vivo Y100A (Pacific Blue, 256 GB)","23,999",8 GB RAM | 256 GB ROM16.21 cm (6.38 inch) Full HD+ Display64MP + 2MP + 2MP | 16MP Front Camera4500 mAh BatterySnapdragon 695 Processor1 Year of Device & 6 Months for Inbox Accessories,4.1
168,"REDMI Note 11 (Starburst White, 128 GB)","20,899",6 GB RAM | 128 GB ROM16.33 cm (6.43 inch) Display50MP Rear Camera5000 mAh Battery12 months,4.2
169,"REDMI Note 13 5G (Prism Gold, 256 GB)","20,999",12 GB RAM | 256 GB ROM | Expandable Upto 1 TB16.94 cm (6.67 inch) Full HD+ Display108MP + 2MP | 16MP Front Camera5000 mAh BatteryDimensity 6080 Processor1 Year Manufacturer Warranty for Phone and 6 Months Warranty for In the Box Accessories,4.4
170,"Motorola Edge 20 5G (Frosted Onyx, 128 GB)","20,999",8 GB RAM | 128 GB ROM17.02 cm (6.7 inch) Full HD+ Display108MP + 8MP + 16MP | 32MP Front Camera4000 mAh BatteryQualcomm Snapdragon 778G Processor144Hz Refresh Rate AMOLED Display6.99mm Slim Design1 Year on Handset and 6 Months on Accessories,4.2
171,"OPPO F21s Pro 5G (Starlight Black, 128 GB)","20,990",8 GB RAM | 128 GB ROM | Expandable Upto 1 TB16.33 cm (6.43 inch) Full HD+ E3 Super AMOLED Display64MP + 2MP + 2MP | 16MP + 2MP Dual Front Camera4500 mAh BatteryQualcomm SM6225 Snapdragon 680 4G (6 nm) Processor12 months,4.3
172,"vivo Y35 (Agate Black, 128 GB)","15,000",8 GB RAM | 128 GB ROM16.71 cm (6.58 inch) Full HD+ Display50MP + 2MP + 2MP | 16MP Front Camera5000 mAh Lithium BatteryQualcomm Snapdragon 680 Processor1 Year of Device & 6 Months for In-Box Accessories,4.1
173,"vivo Y100A (Twilight Gold, 128 GB)","29,999",8 GB RAM | 128 GB ROM16.21 cm (6.38 inch) Full HD+ Display64MP + 2MP + 2MP | 16MP Front Camera4500 mAh BatterySnapdragon 695 Processor1 Year of Device & 6 Months for Inbox Accessories,4.1
174,"vivo Y100 5G (Twilight Gold, 128 GB)","18,490",8 GB RAM | 128 GB ROM16.21 cm (6.38 inch) Full HD+ AMOLED Display64MP (OIS) + 2MP + 2MP | 16MP Front Camera4500 mAh BatteryMediatek Dimensity 900 Processor1 Year Manufacturer Warranty for Handset and 6 Months Manufacturer Warranty for In-Box Accessories,4.3
175,"Doogee S61 Pro (Wooden Grain, 128 GB)","24,500",8 GB RAM | 128 GB ROM | Expandable Upto 512 GB15.24 cm (6 inch) HD+ Display48MP + 48MP + 20MP | 20MP + 16MP Dual Front Camera5180 mAh BatteryCortex A53 ProcessorOne year manufacturer warranty,4.3
176,"SAMSUNG Galaxy A23 5G (Light Blue, 128 GB)","20,999",6 GB RAM | 128 GB ROM | Expandable Upto 1 TB16.76 cm (6.6 inch) Full HD+ Display50MP + 5MP | 8MP Front Camera5000 mAh Lithium Ion BatteryQualcomm Snapdragon 695 (SM6375) Processor1 Year Manufacturer Warranty for Device and 6 Months Manufacturer Warranty for In-Box Accessories,4.2
177,"Motorola Edge 20 Fusion 5G (Electric Graphite, 128 GB)","20,999",8 GB RAM | 128 GB ROM16.94 cm (6.67 inch) Full HD+ Display108MP + 8MP + 2MP | 32MP Front Camera5000 mAh BatteryMediaTek Dimensity 800U Processor90Hz Refresh Rate AMOLED Display13 5G Bands1 Year on Handset and 6 Months on Accessories,4.3
178,"Oukitel WP17 (Black, 128 GB)","23,966",8 GB RAM | 128 GB ROM | Expandable Upto 2 TB17.22 cm (6.78 inch) Full HD+ Display64MP + 20MP + 2MP8300 mAh BatteryMediatek Helio G95 Processor24 months manufacturer warranty,4.2
179,"vivo Y100 5G (Metal Black, 128 GB)","21,999",8 GB RAM | 128 GB ROM16.21 cm (6.38 inch) Full HD+ AMOLED Display64MP (OIS) + 2MP + 2MP | 16MP Front Camera4500 mAh BatteryMediatek Dimensity 900 Processor1 Year Manufacturer Warranty for Handset and 6 Months Manufacturer Warranty for In-Box Accessories,4.1
180,"LAVA AGNI 2 5G (Glass Viridian, 256 GB)","21,500",8 GB RAM | 256 GB ROM | Expandable Upto 256 GB17.22 cm (6.78 inch) Full HD+ AMOLED Display50MP + 8MP + 2MP + 2MP | 16MP Front Camera4700 mAh BatteryIndia's First 2.6GHz MediaTek Dimensity 7050 Superfast Processor Processor1 Year Manufacturer Warranty for Phone and 6 Months Warranty for Accessories in the Box,4.3
181,"Mi 11X (Cosmic Black, 128 GB)","21,888",6 GB RAM | 128 GB ROM16.94 cm (6.67 inch) Display48MP Rear Camera4520 mAh Battery1 Year Manufacturer Warranty for Handset and 6 Months Warranty for In the Box Accessories,4.2
182,"vivo V23e (Sunshine Gold, 128 GB)","23,990",8 GB RAM | 128 GB ROM16.36 cm (6.44 inch) Display50MP Rear Camera4050 mAh Batterydomestic warranty of 1 year on phone & 6 months on accessories,4.4
183,"Mi 11X (Cosmic Black, 128 GB)","24,444",8 GB RAM | 128 GB ROM16.94 cm (6.67 inch) Display48MP Rear Camera4520 mAh Battery1 Year Manufacturer Warranty for Handset and 6 Months Warranty for In the Box Accessories,4
184,"Mi A2 (Red, 128 GB)","20,500",6 GB RAM | 128 GB ROM15.21 cm (5.99 inch) Full HD+ Display20MP + 12MP | 20MP Front Camera3010 mAh BatteryQualcomm Snapdragon 660 AIE ProcessorBrand Warranty of 1 Year Available for Mobile and 6 Months for Battery and Accessories,4.3
185,"SAMSUNG M34 5G (Prism Silver, 256 GB)","21,999",8 GB RAM | 256 GB ROM16.51 cm (6.5 inch) Full HD+ Display50MP Rear Camera6000 mAh BatteryDomestic 1 Year of Device & 6 Months for In-Box Accessories,4.4
186,"vivo Y36 (Meteor Black, 128 GB)","14,449",8 GB RAM | 128 GB ROM16.87 cm (6.64 inch) Full HD+ Display50MP + 2MP | 16MP Front Camera5000 mAh BatterySnapdragon 680 Processor1 Year Manufacturer Warranty for Phone and 6 Months Warranty for In the Box Accessories,4.1
187,"Xiaomi 11i 5G (Purple Mist, 128 GB)","24,999",6 GB RAM | 128 GB ROM | Expandable Upto 1 TB16.94 cm (6.67 inch) Full HD+ AMOLED Display108MP Rear Camera | 16MP Front Camera5160 mAh Li-Polymer BatteryMediatek Dimensity 920 Processor1 Year Manufacturer Warranty for Phone and 6 Months Warranty for in the Box Accessories,4.3
188,"realme GT Master Edition (Cosmos Black, 128 GB)","23,999",8 GB RAM | 128 GB ROM16.33 cm (6.43 inch) Full HD+ Display64MP + 8MP + 2MP | 32MP Front Camera4300 mAh BatteryQualcomm Snapdragon 778G Processor1 Year Warranty for Mobile and 6 Months for Accessories,4.4
189,"SAMSUNG Galaxy M53 5G (Emerald Brown, 128 GB)","24,990",8 GB RAM | 128 GB ROM17.02 cm (6.7 inch) Display108MP Rear Camera5000 mAh Battery12 Months Warranty,4.2
190,"LAVA Curved 5G (Iron Glass, 128 GB)","20,340",8 GB RAM | 128 GB ROM16.94 cm (6.67 inch) Display64MP Rear Camera5000 mAh Battery1 Year,4.1
191,"realme 7 Pro (Mirror Silver, 128 GB)","22,999",8 GB RAM | 128 GB ROM | Expandable Upto 256 GB16.26 cm (6.4 inch) Full HD+ Display64MP + 8MP + 2MP + 2MP | 32MP Front Camera4500 mAh Lithium-ion BatteryQualcomm Snapdragon 720G ProcessorSuper AMOLED Display65 W SuperDart ChargeBrand Warranty of 1 Year Available for Mobile and 6 Months for Accessories,4.3
192,"Motorola Edge 20 Fusion 5G (Cyber Teal, 128 GB)","20,999",8 GB RAM | 128 GB ROM17.0 cm (6.693 inch) Full HD+ Display108MP + 8MP + 2MP | 32MP Front Camera5000 mAh BatteryMediaTek Dimensity 800U Processor90Hz Refresh Rate AMOLED Display13 5G Bands1 Year on Handset and 6 Months on Accessories,3.5
193,"OPPO F19 Pro (Fluid Black, 128 GB)","23,990",8 GB RAM | 128 GB ROM | Expandable Upto 256 GB16.33 cm (6.43 inch) Full HD+ Display48MP + 8MP + 2MP + 2MP | 16MP Front Camera4310 mAh BatteryMediaTek Helio P95 (MT6779V) Processor30W VOOC 4.0 Flash Charge | ColorOS 11.1 (Based on Android 11)Dual View Video | In-Display Fingerprint 3.0 | AI Color Portrait VideoBrand Warranty of 1 Year Available for Mobile Including Battery and 6 Months for Accessories,4.4
194,"realme 10 Pro+ 5G (Hyperspace, 128 GB)","24,999",6 GB RAM | 128 GB ROM17.02 cm (6.7 inch) Full HD+ Display108MP + 8MP + 2MP | 16MP Front Camera5000 mAh BatteryMediatek Dimensity 1080 5G Processor1 Year Manufacturer Warranty for Phone and 6 Months Warranty for In-Box Accessories,4.2
195,"Doogee S96GT (BLACK WITH GREY, 256 GB)","23,917",8 GB RAM | 256 GB ROM | Expandable Upto 512 GB15.8 cm (6.22 inch) HD+ Display48MP + 48MP | 20MP Front Camera6350 mAh BatteryMediatek Helio G95 Processor1 YEAR,4.4
196,"POCO X4 Pro 5G (Laser Blue, 128 GB)","21,999","8 GB RAM | 128 GB ROM | Expandable Upto 1 TB16.94 cm (6.67 inch) Full HD+ Super AMOLED Display64MP + 8MP + 2MP | 16MP Front Camera5000 mAh Lithium-ion Polymer BatteryQualcomm Snapdragon 695 5G ProcessorOne Year for Handset, 6 Months for Accessories",4.3
197,"REDMI Note 11T 5G (Matte black, 128 GB)","20,999",8 GB RAM | 128 GB ROM16.76 cm (6.6 inch) Display50MP Rear Camera5000 mAh Battery1 Year Warranty,4.2
198,"OPPO F19 Pro (Crystal Silver, 128 GB)","23,990",8 GB RAM | 128 GB ROM | Expandable Upto 256 GB16.33 cm (6.43 inch) Full HD+ Display48MP + 8MP + 2MP + 2MP | 16MP Front Camera4310 mAh BatteryMediaTek Helio P95 (MT6779V) Processor30W VOOC 4.0 Flash Charge | ColorOS 11.1 (Based on Android 11)Dual View Video | In-Display Fingerprint 3.0 | AI Color Portrait VideoBrand Warranty of 1 Year Available for Mobile Including Battery and 6 Months for Accessories,4.5
199,"LYF Earth 1 (White, 32 GB)","24,580",3 GB RAM | 32 GB ROM | Expandable Upto 32 GB13.97 cm (5.5 inch) Full HD Display13MP Rear Camera | 5MP Front Camera3500 mAh Li-Ion Polymer BatteryQualcomm Snapdragon 615 Octa Core 1.5GHz Processor1 Year for Mobile & 6 Months for Accessories,4.4
200,"realme 7 Pro (Mirror Blue, 128 GB)","20,999",6 GB RAM | 128 GB ROM | Expandable Upto 256 GB16.26 cm (6.4 inch) Full HD+ Display64MP + 8MP + 2MP + 2MP | 32MP Front Camera4500 mAh Lithium-ion BatteryQualcomm Snapdragon 720G ProcessorSuper AMOLED Display65 W SuperDart ChargeBrand Warranty of 1 Year Available for Mobile and 6 Months for Accessories,4.5
201,"REDMI K50i 5G (Stealth Black, 128 GB)","29,999",6 GB RAM | 128 GB ROM16.76 cm (6.6 inch) Full HD+ Display64MP + 8MP + 2MP | 16MP Front Camera5080 mAh BatteryDimensity 8100 Processor1 Year Manufacturer Warranty for Phone and 6 Months Warranty for In the Box Accessories,4.5
202,"realme 9 (Stargaze White, 128 GB)","20,999",6 GB RAM | 128 GB ROM | Expandable Upto 256 GB16.26 cm (6.4 inch) Full HD+ AMOLED Display108MP + 8MP + 2MP | 16MP Front Camera5000 mAh Lithium Ion BatteryQualcomm Snapdragon 680 Processor1 Year Manufacturer Warranty for Phone and 6 Months Warranty for In-Box Accessories,4.2
203,"POCO X3 Pro (Golden Bronze, 128 GB)","23,999","6 GB RAM | 128 GB ROM | Expandable Upto 1 TB16.94 cm (6.67 inch) Full HD+ Display48MP + 8MP + 2MP + 2MP | 20MP Front Camera5160 mAh Lithium-ion Polymer BatteryQualcomm Snapdragon 860 ProcessorMultiple Hands-free Voice AssistantsOne Year Warranty for Handset, 6 Months for Accessories",4.3
204,"vivo Y100A (Pacific Blue, 128 GB)","21,890",8 GB RAM | 128 GB ROM16.21 cm (6.38 inch) Full HD+ Display64MP + 2MP + 2MP | 16MP Front Camera4500 mAh BatterySnapdragon 695 Processor1 Year of Device & 6 Months for Inbox Accessories,4.1
205,"vivo V11 (Starry Night Black, 64 GB)","24,990",6 GB RAM | 64 GB ROM | Expandable Upto 256 GB16.0 cm (6.3 inch) Full HD+ Display16MP + 5MP | 25MP Front Camera3315 mAh BatteryMediaTek P60 Octa Core 2.0 GHz ProcessorBrand Warranty 1 Year for Mobile,4.3
206,"vivo Y75 5G (Glowing Galaxy, 128 GB)","21,990",8 GB RAM | 128 GB ROM | Expandable Upto 1 TB16.71 cm (6.58 inch) Full HD+ Display50MP + 2MP + 2MP | 16MP Front Camera5000 mAh Lithium BatteryMediatek Dimensity 700 Processor1 Year Handset and 6 Months Accessories,4.1
207,"Redmi K20 (Carbon Black, 128 GB)","24,999",6 GB RAM | 128 GB ROM16.23 cm (6.39 inch) Full HD+ Display48MP + 13MP + 8MP | 20MP Front Camera4000 mAh Li-polymer BatteryQualcomm Snapdragon 730 ProcessorBrand Warranty of 1 Year Available for Mobile and 6 Months for Accessories,4.4
208,"POCO X2 (Atlantis Blue, 256 GB)","16,990",8 GB RAM | 256 GB ROM | Expandable Upto 512 GB16.94 cm (6.67 inch) Full HD+ Display64MP + 8MP + 2MP + 2MP | 20MP + 2MP Dual Front Camera4500 mAh Lithium-ion Polymer BatteryQualcomm Snapdragon 730G ProcessorBrand Warranty of 1 Year Available for Mobile and 6 Months for Accessories,4
209,"Mi 11X (Lunar White, 128 GB)","21,933",6 GB RAM | 128 GB ROM16.94 cm (6.67 inch) Full HD+ Display48MP + 8MP + 5MP | 20MP Front Camera4520 mAh BatteryQualcomm Snapdragon 870 Processor1 Year Manufacturer Warranty for Device and 6 Months Manufacturer Warranty for In-box Accessories,4.5
210,"OnePlus Nord CE 2 Lite 5G (Black Dusk, 128 GB)","20,890",8 GB RAM | 128 GB ROM16.74 cm (6.59 inch) Display64MP Rear Camera | 16MP Front Camera5000 mAh Battery12 months,4.4
211,"11 Lite NE (Jazz Blue, 128 GB)","22,999",8 GB RAM | 128 GB ROM16.64 cm (6.55 inch) Display64MP Rear Camera4250 mAh Battery1 Year Manufacturer Warranty for Handset and 6 Months Warranty for In the Box Accessories,4.4
212,"vivo V25 5G (Elegant Black, 256 GB)","24,500",12 GB RAM | 256 GB ROM16.36 cm (6.44 inch) Full HD+ Display64MP + 8MP + 2MP | 50MP Front Camera4500 mAh Lithium BatteryDimensity 900 Processor1 Year of Device & 6 Months for In-Box Accessories,4.3
213,"OnePlus Nord (Gray Onyx, 64 GB)","22,689",6 GB RAM | 64 GB ROM16.36 cm (6.44 inch) Full HD+ Display48MP + 8MP | 32MP + 8MP Dual Front Camera4115 mAh BatteryQualcommÂ® Snapdragonâ¢ 765G Processor1 Year,4.3
214,"vivo Y75 5G (Starlight Black, 128 GB)","20,999",8 GB RAM | 128 GB ROM | Expandable Upto 1 TB16.71 cm (6.58 inch) Full HD+ Display50MP + 2MP + 2MP | 16MP Front Camera5000 mAh Lithium BatteryMediatek Dimensity 700 Processor1 Year Handset and 6 Months Accessories,4.3
215,"OnePlus Nord CE 5G (Charcoal Ink, 128 GB)","22,989",6 GB RAM | 128 GB ROM16.33 cm (6.43 inch) Display64MP Rear Camera4500 mAh Battery1 Year Warranty,4.3
216,"POCO X2 (Atlantis Blue, 256 GB)","16,990",8 GB RAM | 256 GB ROM | Expandable Upto 512 GB16.94 cm (6.67 inch) Full HD+ Display64MP + 8MP + 2MP + 2MP | 20MP + 2MP Dual Front Camera4500 mAh Lithium-ion Polymer BatteryQualcomm Snapdragon 730G ProcessorBrand Warranty of 1 Year Available for Mobile and 6 Months for Accessories,4.4
217,"realme 9 (Meteor Black, 128 GB)","22,999",8 GB RAM | 128 GB ROM | Expandable Upto 256 GB16.26 cm (6.4 inch) Full HD+ AMOLED Display108MP + 8MP + 2MP | 16MP Front Camera5000 mAh Lithium Ion BatteryQualcomm Snapdragon 680 Processor1 Year Manufacturer Warranty for Phone and 6 Months Warranty for In-Box Accessories,4.4
218,"realme 9 (Sunburst Gold, 128 GB)","20,999",6 GB RAM | 128 GB ROM | Expandable Upto 256 GB16.26 cm (6.4 inch) Full HD+ AMOLED Display108MP + 8MP + 2MP | 16MP Front Camera5000 mAh Lithium Ion BatteryQualcomm Snapdragon 680 Processor1 Year Manufacturer Warranty for Phone and 6 Months Warranty for In-Box Accessories,4.4
219,"SAMSUNG Galaxy A50s (Prism Crush Violet, 128 GB)","21,070",4 GB RAM | 128 GB ROM16.26 cm (6.4 inch) Full HD+ Display48MP + 5MP + 8MP | 32MP Front Camera4000 mAh Li-ion BatteryExynos 9611 ProcessorSuper AMOLED DisplayBrand Warranty of 1 Year Available for Mobile and 6 Months for Battery and Accessories,4.2
220,"Doogee S96GT (BLACK WITH GREY, 256 GB)","23,917",8 GB RAM | 256 GB ROM | Expandable Upto 512 GB15.8 cm (6.22 inch) HD+ Display48MP + 48MP | 20MP Front Camera6350 mAh BatteryMediatek Helio G95 Processor1 YEAR,4.3
221,"SAMSUNG Galaxy A50s (Prism Crush White, 128 GB)","24,900",4 GB RAM | 128 GB ROM16.26 cm (6.4 inch) Full HD+ Display48MP + 8MP + 5MP | 32MP Front Camera4000 mAh Li-ion BatteryExynos 9611 ProcessorSuper AMOLED DisplayBrand Warranty of 1 Year Available for Mobile and 6 Months for Battery and Accessories,4.3
222,"POCO X3 Pro (Steel Blue, 128 GB)","19,999","6 GB RAM | 128 GB ROM | Expandable Upto 1 TB16.94 cm (6.67 inch) Full HD+ Display48MP + 8MP + 2MP + 2MP | 20MP Front Camera5160 mAh Lithium-ion Polymer BatteryQualcomm Snapdragon 860 ProcessorMultiple Hands-free Voice AssistantsOne Year Warranty for Handset, 6 Months for Accessories",4.2
223,"vivo Y100 5G (Pacific Blue, 128 GB)","21,598",8 GB RAM | 128 GB ROM16.21 cm (6.38 inch) Full HD+ AMOLED Display64MP (OIS) + 2MP + 2MP | 16MP Front Camera4500 mAh BatteryMediatek Dimensity 900 Processor1 Year Manufacturer Warranty for Handset and 6 Months Manufacturer Warranty for In-Box Accessories,4.3
224,"Apple iPhone 5s (Silver, 16 GB)","25,000",16 GB ROM10.16 cm (4 inch) Retina Display8MP Rear Camera | 1.2MP Front CameraApple A7 64-bit processor and M7 Motion Co-processor1 Year Manufacturer Warranty,4.1
225,"OnePlus Nord 2 5G (Blue Haze, 128 GB)","24,988",8 GB RAM | 128 GB ROM16.33 cm (6.43 inch) Display50MP Rear Camera4500 mAh Battery1 year Warranty,4.5
226,"OPPO F11 (Fluorite Purple, 128 GB)","23,990",6 GB RAM | 128 GB ROM | Expandable Upto 256 GB16.59 cm (6.53 inch) Display48MP + 5MP | 16MP Front Camera4020 mAh BatteryMTK MT6771V (P70) ProcessorBrand Warranty of 1 Year Available for Mobile and 6 Months for Accessories,4.5
227,"Xiaomi 11Lite NE (Vinyl Black, 128 GB)","21,990",6 GB RAM | 128 GB ROM | Expandable Upto 1 TB16.64 cm (6.55 inch) Full HD+ Display64MP + 8MP + 5MP | 20MP Front Camera4250 mAh BatteryQualcomm Snapdragon 778G ProcessorBrand Warranty of 1 Year Available for Mobile and 6 Months for Accessories,4.4
228,"realme 7 (Mist White, 128 GB)","20,999",8 GB RAM | 128 GB ROM | Expandable Upto 256 GB16.51 cm (6.5 inch) Full HD+ Display64MP + 8MP + 2MP + 2MP | 16MP Front Camera5000 mAh Lithium-ion BatteryMediaTek Helio G95 ProcessorBrand Warranty of 1 Year Available for Mobile and 6 Months for Accessories,4.4
229,"OPPO F3 (Gold, 64 GB)","20,990",4 GB RAM | 64 GB ROM | Expandable Upto 128 GB13.97 cm (5.5 inch) Full HD Display13MP Rear Camera | 16MP + 8MP Dual Front Camera3200 mAh BatteryMediatek MT6750T Octa Core 1.5GHz ProcessorBrand Warranty of 1 Year Available for Mobile and 6 Months for Accessories,4.4
230,"realme Narzo 50 Pro 5G (Hyper Black, 128 GB)","19,989",6 GB RAM | 128 GB ROM16.26 cm (6.4 inch) Display48MP Rear Camera5000 mAh BatteryDimensity 920 5G Processor Processor12Months Brand Warranty,4.4
231,"vivo V25 (Elegant Black, 128 GB)","22,990",8 GB RAM | 128 GB ROM16.36 cm (6.44 inch) Display64MP Rear Camera4500 mAh BatteryDomestic 1 Year of Device & 6 Months for In-Box Accessories,4.2
232,"Motorola Edge 20 5G (Frosted Pearl, 128 GB)","20,999",8 GB RAM | 128 GB ROM17.02 cm (6.7 inch) Full HD+ Display108MP + 8MP + 16MP | 32MP Front Camera4000 mAh BatteryQualcomm Snapdragon 778G Processor144Hz Refresh Rate AMOLED Display6.99mm Slim Design1 Year on Handset and 6 Months on Accessories,
233,"realme X (Polar White, 128 GB)","19,989",8 GB RAM | 128 GB ROM16.59 cm (6.53 inch) Full HD+ Display48MP + 5MP | 16MP Front Camera3765 mAh BatteryQualcomm Snapdragon 710 Octa Core 2.2 GHz AIE ProcessorIn-display Fingerprint SensorVooC Flash Charge 3.0Super AMOLED DisplayBrand Warranty of 1 Year Available for Mobile and 6 Months for Accessories,
234,"realme X (Space Blue, 128 GB)","17,433",8 GB RAM | 128 GB ROM16.59 cm (6.53 inch) Full HD+ Display48MP + 5MP | 16MP Front Camera3765 mAh BatteryQualcomm Snapdragon 710 Octa Core 2.2 GHz AIE ProcessorIn-display Fingerprint SensorVooC Flash Charge 3.0Super AMOLED DisplayBrand Warranty of 1 Year Available for Mobile and 6 Months for Accessories,
235,"vivo Z1x (Phantom Purple, 128 GB)","24,990",8 GB RAM | 128 GB ROM16.21 cm (6.38 inch) Full HD+ Display48MP + 8MP + 2MP | 32MP Front Camera4500 mAh Li-ion BatteryQualcomm Snapdragon 712 AIE Processor22.5 W Vivo Flash ChargeBrand Warranty of 1 Year Available for Mobile and 6 Months for In-box Accessories,
236,"vivo Y31 (Racing Black, 128 GB)","16,490",6 GB RAM | 128 GB ROM | Expandable Upto 1 TB16.71 cm (6.58 inch) Full HD+ Display48MP + 2MP + 2MP | 16MP Front Camera5000 mAh Li-ion BatteryQualcomm Snapdragon 662 Processor1 Year for Handset and 6 Months for In-box Accessories,
237,"OPPO F15 (Unicorn White, 128 GB)","22,990",8 GB RAM | 128 GB ROM | Expandable Upto 256 GB16.26 cm (6.4 inch) Full HD+ Display48MP + 8MP + 2MP + 2MP | 16MP Front Camera4000 mAh BatteryMediaTek Helio P70 ProcessorVOOC Flash Charge 3.0 with 20W Fast ChargingIn-Display Fingerprint 3.0 with 0.32 Second UnlockBrand Warranty of 1 Year Available for Mobile Including Battery and 6 Months for Accessories,
238,"OPPO F15 (Lightening Black, 128 GB)","20,990",4 GB RAM | 128 GB ROM | Expandable Upto 256 GB16.26 cm (6.4 inch) Full HD+ Display48MP + 8MP + 2MP + 2MP | 16MP Front Camera4000 mAh BatteryMediaTek Helio P70 ProcessorVOOC Flash Charge 3.0 with 20W Fast ChargingIn-display Fingerprint 3.0 with 0.32 Second UnlockBrand Warranty of 1 Year Available for Mobile Including Battery and 6 Months for Accessories,
239,"Xiaomi 11Lite NE (Diamond Dazzle, 128 GB)","23,999",8 GB RAM | 128 GB ROM | Expandable Upto 1 TB16.64 cm (6.55 inch) Full HD+ Display64MP + 8MP + 5MP | 20MP Front Camera4250 mAh BatteryQualcomm Snapdragon 778G ProcessorBrand Warranty of 1 Year Available for Mobile and 6 Months for Accessories,
